config,bench,generated,satisfied,units,pr-units,pr-binaries,pr-time,solve-time,total-time,solve-result,default-kissat-time,default-kissat-result,cake-verified
default_cake.sh,289-unsat-6x30,652320,0,0,0,0,50.68,1.42,52.1,SAT-VERIFIED,1.11007,SAT-VERIFIED,NA
default_cake.sh,6s166,740512,1571,194,31,1540,99.97,13.47,113.44,UNSAT,13.0948,UNSAT,TRUE
default_cake.sh,aes_16_10_keyfind_3,49648,0,0,0,0,6.01,207.79,213.8,SAT-VERIFIED,195.786,SAT-VERIFIED,NA
default_cake.sh,AProVE07-02,254147,105,40,1,104,100.04,167.18,267.22,UNSAT,149.923,UNSAT,TRUE
default_cake.sh,AProVE07-03,660244,226,17,1,225,41.88,210.85,252.73,UNSAT,168.391,UNSAT,TRUE
default_cake.sh,AProVE07-27,287397,77,8,0,77,100.02,328.68,428.7,UNSAT,209.811,UNSAT,TRUE
default_cake.sh,Chvatal-k5,493004,5765,11,2,5763,99.97,0.07,100.04,SAT-VERIFIED,0.040542,SAT-VERIFIED,NA
default_cake.sh,em_7_4_8_all,385973,6,10,0,6,99.93,37.28,137.21,SAT-VERIFIED,21.7225,SAT-VERIFIED,NA
default_cake.sh,em_7_4_9_all,398621,197,17,0,197,99.98,2.77,102.75,SAT-VERIFIED,5.11359,SAT-VERIFIED,NA
default_cake.sh,em_7_4_9_cmp,1052544,453,73,0,453,99.96,6.52,106.48,SAT-VERIFIED,7.50748,SAT-VERIFIED,NA
default_cake.sh,em_7_4_9_exp,502066,202,43,0,202,99.96,2.29,102.25,SAT-VERIFIED,5.71867,SAT-VERIFIED,NA
default_cake.sh,em_7_4_9_fbc,364278,406,18,0,406,99.94,2.71,102.65,SAT-VERIFIED,17.8438,SAT-VERIFIED,NA
default_cake.sh,em_8_4_5_cmp,493391,2693,38,0,2693,99.92,6.11,106.03,SAT-VERIFIED,239.843,SAT-VERIFIED,NA
default_cake.sh,frb80-14-2.used-as.sat04-880,440144,0,0,0,0,100,1294.75,1394.75,SAT-VERIFIED,1142,SAT-VERIFIED,NA
default_cake.sh,gt-ordering-unsat-gt-035.sat05-1308.reshuffled-07,324870,0,0,0,0,6.98,0.08,7.06,UNSAT,0.195879,UNSAT,TRUE
default_cake.sh,hid-uns-enc-7-1-0-0-0-0-20364,614988,10,0,0,10,100.07,5000,5000,UNKNOWN,5000,UNKNOWN,NA
default_cake.sh,Hidoku_enu_6,896093,421,0,0,421,100.03,4.87,104.9,SAT-VERIFIED,3.28021,SAT-VERIFIED,NA
default_cake.sh,hitag2-10-60-0-0x2201a94920a2d2e-8,176948,0,0,0,0,54.19,3151.07,3205.26,UNSAT,2885.96,UNSAT,TRUE
default_cake.sh,hitag2-10-60-0-0x8edc44db7837bbf-65,185490,0,0,0,0,58.22,2351.64,2409.86,UNSAT,2063.78,UNSAT,TRUE
default_cake.sh,hitag2-10-60-0-0xa04d664a73eac4d-66,334333,0,2,0,0,99.94,3414.96,3514.9,UNSAT,3054.36,UNSAT,TRUE
default_cake.sh,hitag2-10-60-0-0xa360966c6eb75c4-62,172957,0,0,0,0,52.79,3379.93,3432.72,UNSAT,3173.44,UNSAT,TRUE
default_cake.sh,hitag2-10-60-0-0xac23f1205f76343-96,329365,0,1,0,0,99.96,4487.61,4587.57,UNSAT,3665.46,UNSAT,TRUE
default_cake.sh,hitag2-10-60-0-0xb7b72dfef34c17b-39,190240,0,0,0,0,61.85,3102.82,3164.67,UNSAT,2733.4,UNSAT,TRUE
default_cake.sh,hitag2-10-60-0-0xbc15b17d0353413-10,328449,0,2,0,0,99.98,2445.46,2545.44,UNSAT,2141.09,UNSAT,TRUE
default_cake.sh,hitag2-10-60-0-0xdf7fa6426edec07-17,329437,0,1,0,0,99.97,2298.76,2398.73,UNSAT,1878.38,UNSAT,TRUE
default_cake.sh,hitag2-10-60-0-0xe14721bd199894a-99,328330,0,1,0,0,99.98,3215.94,3315.92,UNSAT,2816.19,UNSAT,TRUE
default_cake.sh,hitag2-10-60-0-0xe6754daf48162bf-46,330691,0,2,0,0,99.93,2821.8,2921.73,UNSAT,2828.23,UNSAT,TRUE
default_cake.sh,hitag2-10-60-0-0xfee9637399d85a2-78,178652,0,0,0,0,55.62,2836.44,2892.06,UNSAT,2576.84,UNSAT,TRUE
default_cake.sh,hitag2-7-60-0-0x39ff85d4ef127de-52,321298,0,1,0,0,99.97,3218.87,3318.84,UNSAT,2771.82,UNSAT,TRUE
default_cake.sh,hitag2-7-60-0-0x5f8ec0ffa4b15c6-25,326116,0,3,0,0,99.97,2531.76,2631.73,UNSAT,2378.59,UNSAT,TRUE
default_cake.sh,hitag2-7-60-0-0xc048b9ebae66e9d-32-SAT,178879,0,0,0,0,54.98,3258.88,3313.86,SAT-VERIFIED,2931.1,SAT-VERIFIED,NA
default_cake.sh,hitag2-7-60-0-0xe8fa35372ed37e2-80,334553,0,1,0,0,100,3830.79,3930.79,UNSAT,3686.04,UNSAT,TRUE
default_cake.sh,hitag2-7-60-0-0xe97b5f1bee04d70-47,177004,0,0,0,0,53.7,3186.07,3239.77,UNSAT,2864.44,UNSAT,TRUE
default_cake.sh,hitag2-8-60-0-0x880693399044612-25-SAT,326126,0,1,0,0,99.97,2482.08,2582.05,SAT-VERIFIED,216.583,SAT-VERIFIED,NA
default_cake.sh,hitag2-8-60-0-0xa3b8497b8aad6d7-42,324594,0,1,0,0,99.92,3039.25,3139.17,UNSAT,2848.49,UNSAT,TRUE
default_cake.sh,hitag2-8-60-0-0xb2021557d918860-94,312748,0,2,0,0,99.95,4850.02,4949.97,UNSAT,4646.07,UNSAT,TRUE
default_cake.sh,hitag2-8-60-0-0xdcdbc8bf368ee73-37,309204,0,1,0,0,99.98,2725.78,2825.76,UNSAT,2489.74,UNSAT,TRUE
default_cake.sh,hitag2-8-60-0-0xfba1a41b5dfd7f7-52,312829,0,2,0,0,99.96,3966.09,4066.05,UNSAT,3777.33,UNSAT,TRUE
default_cake.sh,maxxor032,215280,0,0,0,0,100.09,88.7,188.79,UNSAT,72.7821,UNSAT,TRUE
default_cake.sh,mrpp_4x4#10_16,804846,2184,82,0,2184,98.68,1.04,99.72,SAT-VERIFIED,1.50946,SAT-VERIFIED,NA
default_cake.sh,mrpp_4x4#10_20,719484,2361,82,0,2361,99.85,3.48,103.33,SAT-VERIFIED,1.67833,SAT-VERIFIED,NA
default_cake.sh,mrpp_4x4#10_9,1219355,1152,82,0,1152,88.61,1.77,90.38,SAT-VERIFIED,1.06788,SAT-VERIFIED,NA
default_cake.sh,mrpp_4x4#4_16,906199,2703,123,1,2702,99.89,0.18,100.07,SAT-VERIFIED,0.056184,SAT-VERIFIED,NA
default_cake.sh,mrpp_4x4#6_16,909883,2574,102,0,2574,99.76,0.24,100,SAT-VERIFIED,0.200553,SAT-VERIFIED,NA
default_cake.sh,mrpp_4x4#6_24,655620,3013,100,0,3013,99.9,1.17,101.07,SAT-VERIFIED,0.762489,SAT-VERIFIED,NA
default_cake.sh,mrpp_4x4#8_10,1244143,1381,96,0,1381,99.93,0.02,99.95,SAT-VERIFIED,0.484492,SAT-VERIFIED,NA
default_cake.sh,mrpp_4x4#8_8,1140949,999,96,0,999,74.57,0.05,74.62,SAT-VERIFIED,0.125873,SAT-VERIFIED,NA
default_cake.sh,mrpp_6x6#14_10,847913,205,0,0,205,100.09,1.2,101.29,SAT-VERIFIED,0.935334,SAT-VERIFIED,NA
default_cake.sh,mrpp_6x6#18_10,675316,158,0,0,158,100,4.66,104.66,SAT-VERIFIED,4.58731,SAT-VERIFIED,NA
default_cake.sh,mrpp_6x6#20_10,696859,151,0,0,151,100,39.09,139.09,UNSAT,17.3874,UNSAT,TRUE
default_cake.sh,p160_1,52160,0,0,0,0,1.16,5000,5000,UNKNOWN,5000,UNKNOWN,NA
default_cake.sh,p160_2,52160,0,0,0,0,1.19,5000,5000,UNKNOWN,5000,UNKNOWN,NA
default_cake.sh,QG7-dead-dnd001.sat05-3419.reshuffled-07,768820,3710,15,2,3708,99.35,335.81,435.16,UNSAT,620.262,UNSAT,TRUE
default_cake.sh,QG7-dead-dnd002.sat05-3108.reshuffled-07,733047,3421,12,1,3420,99.81,780.93,880.74,UNSAT,752.176,UNSAT,TRUE
default_cake.sh,QG7-dead-dnd005.sat05-3111.reshuffled-07,1058244,820,18,0,820,83.77,362.5,446.27,UNSAT,584.629,UNSAT,TRUE
default_cake.sh,QG7-gensys-icl006.sat05-3132.reshuffled-07,618789,2630,51,1,2629,99.68,298.39,398.07,UNSAT,294.366,UNSAT,TRUE
default_cake.sh,QG7a-gensys-icl009.sat05-3830.reshuffled-07,558815,2564,20,0,2564,99.84,344.59,444.43,UNSAT,338.359,UNSAT,TRUE
default_cake.sh,rbsat-v760c43649g3,322717,0,0,0,0,99.97,127.47,227.44,SAT-VERIFIED,105.126,SAT-VERIFIED,NA
default_cake.sh,rbsat-v760c43649g6,334280,0,0,0,0,100,24.93,124.93,SAT-VERIFIED,20.1432,SAT-VERIFIED,NA
default_cake.sh,rbsat-v760c43649gyes4,323757,0,0,0,0,99.98,549.38,649.36,SAT-VERIFIED,442.873,SAT-VERIFIED,NA
default_cake.sh,toughsat_factoring_426s,815105,0,21,0,0,67.96,483.61,551.57,SAT-VERIFIED,506.741,SAT-VERIFIED,NA
default_cake.sh,toughsat_factoring_895s,841780,0,27,0,0,73.67,400.29,473.96,SAT-VERIFIED,343.109,SAT-VERIFIED,NA
default_cake.sh,toughsat_factoring_inf,731661,0,25,0,0,75.78,2095.23,2171.01,SAT-VERIFIED,5000,UNKNOWN,NA
default_cake.sh,tph10,64485,945,0,0,945,12.96,5000,5000,UNKNOWN,5000,UNKNOWN,NA
default_cake.sh,tph11,90717,1265,0,0,1265,25.22,5000,5000,UNKNOWN,5000,UNKNOWN,NA
default_cake.sh,tph12,124218,1650,0,0,1650,46.78,5000,5000,UNKNOWN,5000,UNKNOWN,NA
default_cake.sh,VanDerWaerden_pd_2-3-20_388,76258,0,0,0,0,12.92,86.84,99.76,SAT-VERIFIED,70.4452,SAT-VERIFIED,NA
default_cake.sh,VanDerWaerden_pd_2-3-20_390,77042,0,0,0,0,13.12,188.71,201.83,UNSAT,154.375,UNSAT,TRUE
default_cake.sh,VanDerWaerden_pd_2-3-21_401,162138,0,1,0,0,28.36,185.22,213.58,UNSAT,155.986,UNSAT,TRUE
default_cake.sh,VanDerWaerden_pd_2-3-22_464,108826,0,0,0,0,25.45,2576.87,2602.32,UNSAT,2125.73,UNSAT,TRUE
default_cake.sh,VanDerWaerden_pd_2-3-23_505,256706,0,1,0,0,67.7,1231.59,1299.29,SAT-VERIFIED,2291.24,SAT-VERIFIED,NA
default_cake.sh,VanDerWaerden_pd_2-3-23_507,258738,0,1,0,0,68.62,2903.91,2972.53,UNSAT,2412.6,UNSAT,TRUE
default_cake.sh,VanDerWaerden_pd_2-3-24_567,304480,0,1,0,0,99.97,164.31,264.28,SAT-VERIFIED,1976.86,SAT-VERIFIED,NA
default_cake.sh,38bits_10.dimacs,73695,0,1,0,0,1.68,15.53,17.21,SAT-VERIFIED,3.56105,SAT-VERIFIED,NA
default_cake.sh,40bits_10.dimacs,76223,0,1,0,0,1.68,1.35,3.03,SAT-VERIFIED,14.1003,SAT-VERIFIED,NA
default_cake.sh,42bits_12.dimacs,117716,0,5,0,0,3.18,22.33,25.51,SAT-VERIFIED,60.3961,SAT-VERIFIED,NA
default_cake.sh,44bits_11.dimacs,105268,0,3,0,0,2.67,167.51,170.18,SAT-VERIFIED,153.233,SAT-VERIFIED,NA
default_cake.sh,46bits_11.dimacs,113597,0,1,0,0,3.02,393.53,396.55,SAT-VERIFIED,180.164,SAT-VERIFIED,NA
default_cake.sh,46bits_12.dimacs,125786,0,4,0,0,3.52,162.38,165.9,SAT-VERIFIED,74.9493,SAT-VERIFIED,NA
default_cake.sh,46bits_14.dimacs,113647,0,1,0,0,3.05,384.44,387.49,SAT-VERIFIED,584.71,SAT-VERIFIED,NA
default_cake.sh,48bits_11.dimacs,56425,0,0,0,0,1.51,524.14,525.65,SAT-VERIFIED,506.899,SAT-VERIFIED,NA
default_cake.sh,48bits_12.dimacs,55512,0,0,0,0,1.44,664.61,666.05,SAT-VERIFIED,622.649,SAT-VERIFIED,NA
default_cake.sh,48bits_13.dimacs,122490,0,2,0,0,3.24,541.8,545.04,SAT-VERIFIED,753.898,SAT-VERIFIED,NA
default_cake.sh,48bits_14.dimacs,126370,0,2,0,0,3.36,105.8,109.16,SAT-VERIFIED,415.351,SAT-VERIFIED,NA
default_cake.sh,50bits_10.dimacs,158726,0,9,0,0,4.9,279.21,284.11,SAT-VERIFIED,656.812,SAT-VERIFIED,NA
default_cake.sh,50bits_11.dimacs,200148,0,4,0,0,5.98,1494.43,1500.41,SAT-VERIFIED,720.719,SAT-VERIFIED,NA
default_cake.sh,50bits_13.dimacs,158800,0,5,0,0,4.55,199.24,203.79,SAT-VERIFIED,1141.88,SAT-VERIFIED,NA
default_cake.sh,50bits_14.dimacs,159023,0,4,0,0,4.34,2066.27,2070.61,SAT-VERIFIED,1006.74,SAT-VERIFIED,NA
default_cake.sh,52bits_12.dimacs,74133,0,0,0,0,2.08,14.77,16.85,SAT-VERIFIED,12.7302,SAT-VERIFIED,NA
default_cake.sh,54bits_13.dimacs,192894,0,3,0,0,6.1,5000,5000,UNKNOWN,5000,UNKNOWN,NA
default_cake.sh,56bits_12.dimacs,197888,0,2,0,0,5.75,4046.31,4052.06,SAT-VERIFIED,1772.44,SAT-VERIFIED,NA
default_cake.sh,58bits_10.dimacs,225792,0,4,0,0,8.05,5000,5000,UNKNOWN,5000,UNKNOWN,NA
default_cake.sh,58bits_11.dimacs,309203,0,10,0,0,10.8,5000,5000,UNKNOWN,5000,UNKNOWN,NA
default_cake.sh,58bits_13.dimacs,210865,0,3,0,0,7.2,5000,5000,UNKNOWN,5000,UNKNOWN,NA
default_cake.sh,62bits_10.dimacs,209025,0,3,0,0,7.29,5000,5000,UNKNOWN,5000,UNKNOWN,NA
default_cake.sh,62bits_11.dimacs,259012,0,7,0,0,9.79,5000,5000,UNKNOWN,5000,UNKNOWN,NA
default_cake.sh,62bits_14.dimacs,215428,0,3,0,0,7.68,5000,5000,UNKNOWN,5000,UNKNOWN,NA
default_cake.sh,64bits_11.dimacs,216753,0,3,0,0,7.08,5000,5000,UNKNOWN,5000,UNKNOWN,NA
default_cake.sh,64bits_13.dimacs,240975,0,7,0,0,8.07,5000,5000,UNKNOWN,5000,UNKNOWN,NA
default_cake.sh,6s167-opt,973292,709,103,7,702,100.03,1.58,101.61,UNSAT,1.6661,UNSAT,TRUE
default_cake.sh,6s168-opt,575745,144,74,1,143,99.97,4.9,104.87,UNSAT,3.07216,UNSAT,TRUE
default_cake.sh,6s169-opt,274114,1262,126,11,1251,100.04,3.09,103.13,UNSAT,2.1662,UNSAT,TRUE
default_cake.sh,complete-400-0.1-16-98765432140016,46264,0,0,0,0,99.96,0.34,100.3,SAT-VERIFIED,0.177809,SAT-VERIFIED,NA
default_cake.sh,complete-400-0.1-3-9876543214003,45771,0,0,0,0,99.99,0.01,100,SAT-VERIFIED,0.178204,SAT-VERIFIED,NA
default_cake.sh,hitag2-8-60-0-0x1eb82244d7f1c3c-47,177957,0,0,0,0,55.21,2336.78,2391.99,UNSAT,2119.76,UNSAT,TRUE
default_cake.sh,manthey_DimacsSorterHalf_28_4,340648,0,27,0,0,100.12,39.45,139.57,SAT-VERIFIED,106.186,SAT-VERIFIED,NA
default_cake.sh,manthey_DimacsSorterHalf_29_2,249380,0,15,0,0,100.1,9.72,109.82,SAT-VERIFIED,7.6238,SAT-VERIFIED,NA
default_cake.sh,manthey_DimacsSorterHalf_29_8,258841,104,13,0,104,99.84,494.58,594.42,SAT-VERIFIED,188.84,SAT-VERIFIED,NA
default_cake.sh,manthey_DimacsSorterHalf_30_0,355771,0,33,0,0,100.07,45.13,145.2,SAT-VERIFIED,2.45384,SAT-VERIFIED,NA
default_cake.sh,manthey_DimacsSorterHalf_30_3,370409,0,31,0,0,100.09,19.9,119.99,SAT-VERIFIED,17.5423,SAT-VERIFIED,NA
default_cake.sh,manthey_DimacsSorterHalf_30_7,370031,0,13,0,0,100.14,29.72,129.86,SAT-VERIFIED,52.2693,SAT-VERIFIED,NA
default_cake.sh,manthey_DimacsSorterHalf_31_2,251695,0,16,0,0,100.11,32.59,132.7,SAT-VERIFIED,3.10417,SAT-VERIFIED,NA
default_cake.sh,manthey_DimacsSorterHalf_31_8,230966,0,13,0,0,100.05,221.01,321.06,SAT-VERIFIED,6.94087,SAT-VERIFIED,NA
default_cake.sh,manthey_DimacsSorterHalf_32_1,301227,0,0,0,0,100.11,360.69,460.8,SAT-VERIFIED,317.731,SAT-VERIFIED,NA
default_cake.sh,manthey_DimacsSorterHalf_33_1,315057,0,13,0,0,100.07,11.24,111.31,SAT-VERIFIED,4.88496,SAT-VERIFIED,NA
default_cake.sh,manthey_DimacsSorterHalf_35_8,153406,0,0,0,0,100.04,1311.42,1411.46,SAT-VERIFIED,1172.03,SAT-VERIFIED,NA
default_cake.sh,manthey_DimacsSorterHalf_35_9,158069,0,0,0,0,100.08,809.41,909.49,SAT-VERIFIED,722.526,SAT-VERIFIED,NA
default_cake.sh,manthey_DimacsSorterHalf_36_0,305916,0,0,0,0,100.05,38.04,138.09,SAT-VERIFIED,31.934,SAT-VERIFIED,NA
default_cake.sh,manthey_DimacsSorterHalf_36_7,300488,0,20,0,0,99.57,500.22,599.79,SAT-VERIFIED,94.1344,SAT-VERIFIED,NA
default_cake.sh,manthey_DimacsSorterHalf_37_3,239037,0,4,0,0,100.07,2021.94,2122.01,SAT-VERIFIED,4148.02,SAT-VERIFIED,NA
default_cake.sh,manthey_DimacsSorterHalf_37_6,166072,0,0,0,0,100.08,105.28,205.36,SAT-VERIFIED,89.6959,SAT-VERIFIED,NA
default_cake.sh,manthey_DimacsSorterHalf_37_8,202079,0,11,0,0,99.96,10.46,110.42,SAT-VERIFIED,1.55475,SAT-VERIFIED,NA
default_cake.sh,manthey_DimacsSorterHalf_37_9,167776,0,0,0,0,100.08,121.19,221.27,SAT-VERIFIED,103.407,SAT-VERIFIED,NA
default_cake.sh,manthey_DimacsSorter_28_0,359818,0,15,0,0,100.13,0.72,100.85,SAT-VERIFIED,4.49829,SAT-VERIFIED,NA
default_cake.sh,manthey_DimacsSorter_28_3,389570,0,49,0,0,100.08,51.22,151.3,SAT-VERIFIED,11.2103,SAT-VERIFIED,NA
default_cake.sh,manthey_DimacsSorter_28_4,340731,0,27,0,0,100.1,39.33,139.43,SAT-VERIFIED,106.187,SAT-VERIFIED,NA
default_cake.sh,manthey_DimacsSorter_28_7,357373,0,31,0,0,100.07,19.6,119.67,SAT-VERIFIED,36.2166,SAT-VERIFIED,NA
default_cake.sh,manthey_DimacsSorter_29_8,258194,104,13,0,104,100.04,495.6,595.64,SAT-VERIFIED,189.015,SAT-VERIFIED,NA
default_cake.sh,manthey_DimacsSorter_30_1,372463,0,47,0,0,98.61,12.88,111.49,SAT-VERIFIED,13.3561,SAT-VERIFIED,NA
default_cake.sh,manthey_DimacsSorter_30_4,348081,0,6,0,0,100.06,46.49,146.55,SAT-VERIFIED,17.2275,SAT-VERIFIED,NA
default_cake.sh,manthey_DimacsSorter_30_5,350267,0,3,0,0,100.1,39.42,139.52,SAT-VERIFIED,38.9154,SAT-VERIFIED,NA
default_cake.sh,manthey_DimacsSorter_30_6,354773,0,30,0,0,100.02,82.25,182.27,SAT-VERIFIED,30.9433,SAT-VERIFIED,NA
default_cake.sh,manthey_DimacsSorter_31_0,286431,0,16,0,0,100.1,7.85,107.95,SAT-VERIFIED,9.49679,SAT-VERIFIED,NA
default_cake.sh,manthey_DimacsSorter_31_4,302907,16,26,0,16,100.06,50.6,150.66,SAT-VERIFIED,2.97601,SAT-VERIFIED,NA
default_cake.sh,manthey_DimacsSorter_31_6,237343,0,12,0,0,100,17.35,117.35,SAT-VERIFIED,6.64618,SAT-VERIFIED,NA
default_cake.sh,manthey_DimacsSorter_31_8,231164,0,13,0,0,100.1,222.15,322.25,SAT-VERIFIED,6.93935,SAT-VERIFIED,NA
default_cake.sh,manthey_DimacsSorter_32_1,300989,0,0,0,0,100.06,363.25,463.31,SAT-VERIFIED,317.946,SAT-VERIFIED,NA
default_cake.sh,manthey_DimacsSorter_35_1,194212,0,1,0,0,100.07,300.45,400.52,SAT-VERIFIED,23.8712,SAT-VERIFIED,NA
default_cake.sh,manthey_DimacsSorter_35_7,199970,0,0,0,0,100.11,431.07,531.18,SAT-VERIFIED,380.11,SAT-VERIFIED,NA
default_cake.sh,manthey_DimacsSorter_35_8,151948,0,0,0,0,100.07,1299.12,1399.19,SAT-VERIFIED,1187.19,SAT-VERIFIED,NA
default_cake.sh,manthey_DimacsSorter_36_4,320538,0,20,0,0,100.04,242.88,342.92,SAT-VERIFIED,27.7411,SAT-VERIFIED,NA
default_cake.sh,manthey_DimacsSorter_36_7,304362,0,21,0,0,100.03,2236.09,2336.12,SAT-VERIFIED,94.1338,SAT-VERIFIED,NA
default_cake.sh,manthey_DimacsSorter_37_3,237176,0,4,0,0,100.09,2018.34,2118.43,SAT-VERIFIED,4149.65,SAT-VERIFIED,NA
default_cake.sh,manthey_DimacsSorter_37_6,163868,0,0,0,0,100.05,106.16,206.21,SAT-VERIFIED,89.715,SAT-VERIFIED,NA
default_cake.sh,manthey_single-ordered-initialized-w18-b7,1228852,0,49,0,0,99.96,0.06,100.02,UNSAT,0.104902,UNSAT,TRUE
default_cake.sh,manthey_single-ordered-initialized-w18-b8,1145377,0,61,0,0,100.09,0,100.09,UNSAT,0.102575,UNSAT,TRUE
default_cake.sh,manthey_single-ordered-initialized-w20-b10,1089068,0,7,0,0,100.1,0,100.1,SAT-VERIFIED,0.042958,SAT-VERIFIED,NA
default_cake.sh,manthey_single-ordered-initialized-w20-b7,1101163,0,49,0,0,100.04,0.07,100.11,UNSAT,0.143591,UNSAT,TRUE
default_cake.sh,manthey_single-ordered-initialized-w20-b8,996776,0,55,0,0,100.02,0.28,100.3,UNSAT,0.172595,UNSAT,TRUE
default_cake.sh,manthey_single-ordered-initialized-w22-b6,1057324,0,36,0,0,100.02,0.02,100.04,UNSAT,0.31092,UNSAT,TRUE
default_cake.sh,manthey_single-ordered-initialized-w22-b8,903782,0,52,0,0,100,0.56,100.56,UNSAT,0.346865,UNSAT,TRUE
default_cake.sh,manthey_single-ordered-initialized-w24-b7,867756,0,42,0,0,100.01,0.86,100.87,UNSAT,0.699903,UNSAT,TRUE
default_cake.sh,manthey_single-ordered-initialized-w24-b9,948006,0,6,0,0,100.07,1.03,101.1,UNSAT,0.54525,UNSAT,TRUE
default_cake.sh,manthey_single-ordered-initialized-w26-b7,782846,0,31,0,0,100.05,1.61,101.66,UNSAT,1.35793,UNSAT,TRUE
default_cake.sh,manthey_single-ordered-initialized-w26-b8,911656,0,5,0,0,99.99,1.78,101.77,UNSAT,1.38021,UNSAT,TRUE
default_cake.sh,manthey_single-ordered-initialized-w28-b8,827234,0,5,0,0,100.01,3.09,103.1,UNSAT,2.45872,UNSAT,TRUE
default_cake.sh,mrpp_4x4#12_12,1079805,1682,84,0,1682,99.89,16.78,116.67,UNSAT,8.61358,UNSAT,TRUE
default_cake.sh,mrpp_4x4#4_24,658713,3169,123,1,3168,99.89,0.2,100.09,SAT-VERIFIED,0.181067,SAT-VERIFIED,NA
default_cake.sh,mrpp_4x4#6_20,737162,2882,102,0,2882,99.94,0.06,100,SAT-VERIFIED,0.638474,SAT-VERIFIED,NA
default_cake.sh,mrpp_6x6#10_10,811108,200,0,0,200,99.62,0.35,99.97,SAT-VERIFIED,0.449026,SAT-VERIFIED,NA
default_cake.sh,mrpp_6x6#10_8,912213,464,59,0,464,100.06,0.04,100.1,SAT-VERIFIED,0.176156,SAT-VERIFIED,NA
default_cake.sh,mrpp_6x6#12_8,920944,435,63,0,435,98.26,0,98.26,UNSAT,0.012413,UNSAT,TRUE
default_cake.sh,mrpp_6x6#16_9,724196,172,0,0,172,100.07,1.01,101.08,UNSAT,0.913573,UNSAT,TRUE
default_cake.sh,mrpp_6x6#18_9,756118,158,0,0,158,100.09,4.97,105.06,UNSAT,3.37037,UNSAT,TRUE
default_cake.sh,ablmulub2x32o,731555,459,9,0,459,99.97,304.36,404.33,UNSAT,302.386,UNSAT,TRUE
default_cake.sh,ablmulub8x16o,889681,276,3,0,276,99.96,2092.87,2192.83,UNSAT,2396.81,UNSAT,TRUE
default_cake.sh,ak016modbtsimpbisc,415112,260,9,0,260,100.1,558.91,659.01,UNSAT,680.232,UNSAT,TRUE
default_cake.sh,am_7_7.shuffled-as.sat03-363,1201355,2,455,0,2,100.43,5000,5000,UNKNOWN,5000,UNKNOWN,NA
default_cake.sh,am_9_9,324436,0,35,0,0,100.09,5000,5000,UNKNOWN,5000,UNKNOWN,NA
default_cake.sh,AProVE07-25,513991,0,13,0,0,99.96,5000,5000,UNKNOWN,5000,UNKNOWN,NA
default_cake.sh,countbitsarray04_32,671599,31,64,1,30,100.07,5000,5000,UNKNOWN,5000,UNKNOWN,NA
default_cake.sh,custmulsb2x32o,1163201,640,0,0,640,100.01,5000,5000,UNKNOWN,5000,UNKNOWN,NA
default_cake.sh,custmulun16x16o,1481723,895,0,0,895,80.12,5000,5000,UNKNOWN,5000,UNKNOWN,NA
default_cake.sh,e2a_2.c.smt2-cvc4,254834,12,5,0,12,100.01,0,100.01,SAT-VERIFIED,0.020272,SAT-VERIFIED,NA
default_cake.sh,e2_2.c.smt2-cvc4,254381,0,5,0,0,99.99,0,99.99,SAT-VERIFIED,0.02465,SAT-VERIFIED,NA
default_cake.sh,ecgrid6x210_shuffled,50420,0,0,0,0,1.23,3322.88,3324.11,UNSAT,2697.65,UNSAT,TRUE
default_cake.sh,ecgrid6x215_shuffled,51620,0,0,0,0,1.26,5000,5000,UNKNOWN,5000,UNKNOWN,NA
default_cake.sh,ecgrid6x220_shuffled,52820,0,0,0,0,1.29,5000,5000,UNKNOWN,5000,UNKNOWN,NA
default_cake.sh,ecgrid6x225_shuffled,54020,0,0,0,0,1.37,5000,5000,UNKNOWN,5000,UNKNOWN,NA
default_cake.sh,ecgrid6x230_shuffled,55220,0,0,0,0,1.43,5000,5000,UNKNOWN,4724.32,UNSAT,NA
default_cake.sh,ecgrid6x240_shuffled,57620,0,0,0,0,1.52,5000,5000,UNKNOWN,5000,UNKNOWN,NA
default_cake.sh,ecgrid6x250_shuffled,60020,0,0,0,0,1.68,4458.05,4459.73,UNSAT,3682.78,UNSAT,TRUE
default_cake.sh,gripper14u,458507,5883,244,29,5854,100.03,1201.22,1301.25,UNSAT,1430.16,UNSAT,TRUE
default_cake.sh,mulhs016,181181,0,0,0,0,12.77,5000,5000,UNKNOWN,5000,UNKNOWN,NA
default_cake.sh,Ptn-7824-b01,240445,37,0,0,37,9.28,5000,5000,UNKNOWN,5000,UNKNOWN,NA
default_cake.sh,Ptn-7824-b02,242677,39,0,0,39,9.4,5000,5000,UNKNOWN,1246.42,SAT-VERIFIED,NA
default_cake.sh,Ptn-7824-b03,244702,46,0,0,46,9.45,5000,5000,UNKNOWN,5000,UNKNOWN,NA
default_cake.sh,Ptn-7824-b04,493569,55,0,0,55,19.23,5000,5000,UNKNOWN,5000,UNKNOWN,NA
default_cake.sh,Ptn-7824-b05,498945,65,0,0,65,19.52,5000,5000,UNKNOWN,5000,UNKNOWN,NA
default_cake.sh,Ptn-7824-b06,501714,68,0,0,68,19.68,5000,5000,UNKNOWN,5000,UNKNOWN,NA
default_cake.sh,Ptn-7824-b07,509680,86,0,0,86,20.28,5000,5000,UNKNOWN,5000,UNKNOWN,NA
default_cake.sh,Ptn-7824-b08,390791,121,0,0,121,15.53,5000,5000,UNKNOWN,1290.49,SAT-VERIFIED,NA
default_cake.sh,Ptn-7824-b09,394165,133,0,0,133,15.72,5000,5000,UNKNOWN,549.271,SAT-VERIFIED,NA
default_cake.sh,Ptn-7824-b10,534246,192,3,4,188,21.69,4783.08,4804.77,SAT-VERIFIED,4201.85,SAT-VERIFIED,NA
default_cake.sh,Ptn-7824-b11,541094,221,3,4,217,22.1,330.35,352.45,SAT-VERIFIED,852.182,SAT-VERIFIED,NA
default_cake.sh,Ptn-7824-b12,548942,235,3,4,231,22.58,1029.68,1052.26,SAT-VERIFIED,140.726,SAT-VERIFIED,NA
default_cake.sh,Ptn-7824-b13,553376,249,5,4,245,22.93,5000,5000,UNKNOWN,22.9945,SAT-VERIFIED,NA
default_cake.sh,Ptn-7824-b14,558512,258,5,4,254,23.3,1379.89,1403.19,SAT-VERIFIED,627.626,SAT-VERIFIED,NA
default_cake.sh,Ptn-7824-b15,874015,304,6,5,299,37.06,1352.47,1389.53,SAT-VERIFIED,2410.41,SAT-VERIFIED,NA
default_cake.sh,Ptn-7824-b16,880509,362,9,6,356,37.39,723.17,760.56,SAT-VERIFIED,203.502,SAT-VERIFIED,NA
default_cake.sh,Ptn-7824-b17,887289,369,9,6,363,38.28,103.89,142.17,SAT-VERIFIED,120.826,SAT-VERIFIED,NA
default_cake.sh,Ptn-7824-b18,901991,400,9,6,394,39.2,2010.94,2050.14,SAT-VERIFIED,524.462,SAT-VERIFIED,NA
default_cake.sh,Ptn-7824-b19,779667,441,10,9,432,34.06,310.31,344.37,SAT-VERIFIED,131.636,SAT-VERIFIED,NA
default_cake.sh,Ptn-7824-b20,789347,449,12,9,440,34.58,111.87,146.45,SAT-VERIFIED,22.1348,SAT-VERIFIED,NA
default_cake.sh,Ptn-7824-b21,820721,502,12,11,491,36.61,97.46,134.07,SAT-VERIFIED,88.2949,SAT-VERIFIED,NA
default_cake.sh,rphp4_080_shuffled,582717,29256,1,7,29249,99.77,375,474.77,UNSAT,749.47,UNSAT,TRUE
default_cake.sh,rphp4_085_shuffled,526308,29835,0,8,29827,99.75,782.71,882.46,UNSAT,912.692,UNSAT,TRUE
default_cake.sh,rphp4_090_shuffled,443519,30495,1,7,30488,99.65,1708.11,1807.76,UNSAT,1197.38,UNSAT,TRUE
default_cake.sh,rphp4_095_shuffled,522523,30770,8,0,30770,99.77,1254.11,1353.88,UNSAT,1654.42,UNSAT,TRUE
default_cake.sh,rphp4_100_shuffled,541343,32173,11,0,32173,99.41,734.98,834.39,UNSAT,2222.76,UNSAT,TRUE
default_cake.sh,rphp4_105_shuffled,547581,30074,8,0,30074,99.73,1200.36,1300.09,UNSAT,2743.68,UNSAT,TRUE
default_cake.sh,rphp4_110_shuffled,361189,30975,0,8,30967,99.66,5000,5000,UNKNOWN,3650.21,UNSAT,NA
default_cake.sh,rphp4_115_shuffled,347752,30432,2,6,30426,99.29,5000,5000,UNKNOWN,4273.88,UNSAT,NA
default_cake.sh,rphp4_120_shuffled,211476,30806,1,3,30803,99.84,5000,5000,UNKNOWN,5000,UNKNOWN,NA
default_cake.sh,rphp4_125_shuffled,511122,21536,3,4,21532,99.82,4240.57,4340.39,UNSAT,5000,UNKNOWN,Unknown
default_cake.sh,rphp4_130_shuffled,210743,32791,0,4,32787,99.69,5000,5000,UNKNOWN,5000,UNKNOWN,NA
default_cake.sh,rphp4_135_shuffled,168163,32188,0,3,32185,99.47,5000,5000,UNKNOWN,5000,UNKNOWN,NA
default_cake.sh,rphp4_140_shuffled,331998,26988,0,9,26979,99.69,5000,5000,UNKNOWN,5000,UNKNOWN,NA
default_cake.sh,rphp4_145_shuffled,151960,33125,0,2,33123,99.54,5000,5000,UNKNOWN,5000,UNKNOWN,NA
default_cake.sh,rphp4_150_shuffled,498711,795,0,0,795,99.93,5000,5000,UNKNOWN,5000,UNKNOWN,NA
default_cake.sh,rphp4_155_shuffled,441503,10801,2,0,10801,99.75,5000,5000,UNKNOWN,5000,UNKNOWN,NA
default_cake.sh,rphp4_160_shuffled,393591,7823,1,0,7823,99.34,5000,5000,UNKNOWN,5000,UNKNOWN,NA
default_cake.sh,rphp5_070_shuffled,458643,31963,5,5,31958,99.54,5000,5000,UNKNOWN,5000,UNKNOWN,NA
default_cake.sh,rphp5_075_shuffled,541276,29880,9,1,29879,99.79,5000,5000,UNKNOWN,5000,UNKNOWN,NA
default_cake.sh,rphp5_080_shuffled,572342,32508,12,0,32508,99.66,5000,5000,UNKNOWN,5000,UNKNOWN,NA
default_cake.sh,rphp5_085_shuffled,770091,23329,5,12,23317,99.74,5000,5000,UNKNOWN,5000,UNKNOWN,NA
default_cake.sh,rphp5_090_shuffled,549526,30588,1,10,30578,99.7,5000,5000,UNKNOWN,5000,UNKNOWN,NA
default_cake.sh,rphp5_095_shuffled,406002,32672,0,11,32661,99.8,5000,5000,UNKNOWN,5000,UNKNOWN,NA
default_cake.sh,rphp5_100_shuffled,533284,26416,11,0,26416,99.73,5000,5000,UNKNOWN,5000,UNKNOWN,NA
default_cake.sh,rphp5_105_shuffled,228167,29353,0,5,29348,99.7,5000,5000,UNKNOWN,5000,UNKNOWN,NA
default_cake.sh,sat_prob_143,115364,383,76,0,383,100.05,5000,5000,UNKNOWN,5000,UNKNOWN,NA
default_cake.sh,sat_prob_3,571652,250,28,1,249,99.89,705.07,804.96,UNSAT,683.345,UNSAT,FALSE
default_cake.sh,sat_prob_63,412263,0,8,0,0,60.49,5000,5000,UNKNOWN,5000,UNKNOWN,NA
default_cake.sh,Schur_160_5_d20,660523,0,0,0,0,34.89,5000,5000,UNKNOWN,5000,UNKNOWN,NA
default_cake.sh,Schur_160_5_d21,656415,0,0,0,0,35.43,5000,5000,UNKNOWN,5000,UNKNOWN,NA
default_cake.sh,Schur_160_5_d22,652339,0,0,0,0,35.7,5000,5000,UNKNOWN,5000,UNKNOWN,NA
default_cake.sh,Schur_160_5_d23,648289,0,0,0,0,36.38,5000,5000,UNKNOWN,5000,UNKNOWN,NA
default_cake.sh,Schur_160_5_d24,644273,0,0,0,0,36.3,3894.1,3930.4,SAT-VERIFIED,3339.48,SAT-VERIFIED,NA
default_cake.sh,Schur_160_5_d25,640283,0,0,0,0,36.8,5000,5000,UNKNOWN,5000,UNKNOWN,NA
default_cake.sh,Schur_160_5_d26,636327,0,0,0,0,36.64,5000,5000,UNKNOWN,5000,UNKNOWN,NA
default_cake.sh,Schur_160_5_d27,632401,0,0,0,0,37.38,5000,5000,UNKNOWN,5000,UNKNOWN,NA
default_cake.sh,Schur_160_5_d28,628507,0,0,0,0,37.66,5000,5000,UNKNOWN,5000,UNKNOWN,NA
default_cake.sh,Schur_160_5_d29,624641,0,0,0,0,37.88,5000,5000,UNKNOWN,5000,UNKNOWN,NA
default_cake.sh,Schur_160_5_d30,620807,0,0,0,0,38.16,5000,5000,UNKNOWN,5000,UNKNOWN,NA
default_cake.sh,Schur_160_5_d31,617001,0,0,0,0,38.47,5000,5000,UNKNOWN,5000,UNKNOWN,NA
default_cake.sh,Schur_160_5_d32,613227,0,0,0,0,38.61,1728.67,1767.28,SAT-VERIFIED,1498.41,SAT-VERIFIED,NA
default_cake.sh,Schur_160_5_d33,609491,0,0,0,0,39.02,5000,5000,UNKNOWN,5000,UNKNOWN,NA
default_cake.sh,Schur_160_5_d34,605779,0,0,0,0,39.28,5000,5000,UNKNOWN,5000,UNKNOWN,NA
default_cake.sh,Schur_160_5_d35,602087,0,0,0,0,39.33,5000,5000,UNKNOWN,5000,UNKNOWN,NA
default_cake.sh,Schur_160_5_d36,598417,0,0,0,0,39.53,5000,5000,UNKNOWN,5000,UNKNOWN,NA
default_cake.sh,Schur_160_5_d37,594767,0,0,0,0,39.8,4771.35,4811.15,SAT-VERIFIED,4190.1,SAT-VERIFIED,NA
default_cake.sh,Schur_160_5_d38,591143,0,0,0,0,39.94,2774.91,2814.85,SAT-VERIFIED,2425.47,SAT-VERIFIED,NA
default_cake.sh,Schur_160_5_d39,587535,0,0,0,0,39.89,805.35,845.24,SAT-VERIFIED,690.861,SAT-VERIFIED,NA
default_cake.sh,Schur_160_5_d40,583991,0,0,0,0,40.32,39.53,79.85,SAT-VERIFIED,32.1574,SAT-VERIFIED,NA
default_cake.sh,Schur_160_5_d41,580301,0,0,0,0,41.19,175.47,216.66,SAT-VERIFIED,144.694,SAT-VERIFIED,NA
default_cake.sh,Schur_160_5_d42,576775,0,0,0,0,41.82,88.45,130.27,SAT-VERIFIED,72.8575,SAT-VERIFIED,NA
default_cake.sh,Schur_160_5_d43,573143,0,0,0,0,42.51,61.26,103.77,SAT-VERIFIED,49.7374,SAT-VERIFIED,NA
default_cake.sh,Schur_161_5_d20,669443,0,0,0,0,36.19,5000,5000,UNKNOWN,5000,UNKNOWN,NA
default_cake.sh,Schur_161_5_d21,665315,0,0,0,0,36.29,5000,5000,UNKNOWN,5000,UNKNOWN,NA
default_cake.sh,Schur_161_5_d22,661199,0,0,0,0,36.59,5000,5000,UNKNOWN,5000,UNKNOWN,NA
default_cake.sh,Schur_161_5_d23,657131,0,0,0,0,37.08,5000,5000,UNKNOWN,5000,UNKNOWN,NA
default_cake.sh,Schur_161_5_d24,653075,0,0,0,0,37.48,5000,5000,UNKNOWN,5000,UNKNOWN,NA
default_cake.sh,Schur_161_5_d25,649065,0,0,0,0,37.87,5000,5000,UNKNOWN,5000,UNKNOWN,NA
default_cake.sh,Schur_161_5_d26,645069,0,0,0,0,37.99,5000,5000,UNKNOWN,5000,UNKNOWN,NA
default_cake.sh,Schur_161_5_d27,641123,0,0,0,0,38.41,5000,5000,UNKNOWN,5000,UNKNOWN,NA
default_cake.sh,Schur_161_5_d28,637189,0,0,0,0,38.69,5000,5000,UNKNOWN,5000,UNKNOWN,NA
default_cake.sh,Schur_161_5_d29,633303,0,0,0,0,38.97,5000,5000,UNKNOWN,5000,UNKNOWN,NA
default_cake.sh,Schur_161_5_d30,629429,0,0,0,0,39.41,5000,5000,UNKNOWN,5000,UNKNOWN,NA
default_cake.sh,Schur_161_5_d31,625603,0,0,0,0,39.43,5000,5000,UNKNOWN,5000,UNKNOWN,NA
default_cake.sh,Schur_161_5_d32,621789,0,0,0,0,39.81,5000,5000,UNKNOWN,5000,UNKNOWN,NA
default_cake.sh,Schur_161_5_d33,618035,0,0,0,0,39.78,5000,5000,UNKNOWN,5000,UNKNOWN,NA
default_cake.sh,Schur_161_5_d34,614285,0,0,0,0,40.56,5000,5000,UNKNOWN,5000,UNKNOWN,NA
default_cake.sh,Schur_161_5_d35,610575,0,0,0,0,40.12,5000,5000,UNKNOWN,5000,UNKNOWN,NA
default_cake.sh,Schur_161_5_d36,606865,0,0,0,0,40.8,5000,5000,UNKNOWN,5000,UNKNOWN,NA
default_cake.sh,Schur_161_5_d37,603199,0,0,0,0,41.03,5000,5000,UNKNOWN,5000,UNKNOWN,NA
default_cake.sh,Schur_161_5_d38,599535,0,0,0,0,41.27,5000,5000,UNKNOWN,5000,UNKNOWN,NA
default_cake.sh,Schur_161_5_d39,595909,0,0,0,0,41.41,5000,5000,UNKNOWN,5000,UNKNOWN,NA
default_cake.sh,Schur_161_5_d40,592327,0,0,0,0,41.49,1553.57,1595.06,UNSAT,1342.24,UNSAT,TRUE
default_cake.sh,Schur_161_5_d41,588619,0,0,0,0,42.17,574.11,616.28,UNSAT,490.54,UNSAT,TRUE
default_cake.sh,Schur_161_5_d42,585057,0,0,0,0,43.16,409.4,452.56,UNSAT,350.374,UNSAT,TRUE
default_cake.sh,Schur_161_5_d43,581409,0,0,0,0,43.72,233.58,277.3,UNSAT,195.341,UNSAT,TRUE
default_cake.sh,Sz512_15127_1.smt2-stp212,333398,0,0,0,0,42.19,5000,5000,UNKNOWN,5000,UNKNOWN,NA
default_cake.sh,Sz512_15127_3.smt2-cvc4,756117,112,119,2,110,100.01,123.24,223.25,UNSAT,93.0189,UNSAT,TRUE
default_cake.sh,Sz512_15127_4.smt2-cvc4,498885,0,128,0,0,99.98,5000,5000,UNKNOWN,5000,UNKNOWN,NA
default_cake.sh,Sz512_15127_5.smt2-stp212,330183,0,0,0,0,39.16,5000,5000,UNKNOWN,5000,UNKNOWN,NA
default_cake.sh,Sz512_15127_6.smt2-stp212,249532,0,0,0,0,27.6,5000,5000,UNKNOWN,5000,UNKNOWN,NA
default_cake.sh,Sz512_15128_0.smt2-stp212,331603,0,0,0,0,39.3,374.68,413.98,SAT-VERIFIED,336.082,SAT-VERIFIED,NA
default_cake.sh,Sz512_15128_1.smt2-cvc4,497668,0,128,0,0,99.97,110.38,210.35,SAT-VERIFIED,281.261,SAT-VERIFIED,NA
default_cake.sh,tseitingrid7x180_shuffled,50400,0,0,0,0,1.11,5000,5000,UNKNOWN,5000,UNKNOWN,NA
default_cake.sh,tseitingrid7x185_shuffled,51800,0,0,0,0,1.2,5000,5000,UNKNOWN,5000,UNKNOWN,NA
default_cake.sh,tseitingrid7x190_shuffled,53200,0,0,0,0,1.26,5000,5000,UNKNOWN,5000,UNKNOWN,NA
default_cake.sh,tseitingrid7x195_shuffled,54600,0,0,0,0,1.26,5000,5000,UNKNOWN,5000,UNKNOWN,NA
default_cake.sh,tseitingrid7x200_shuffled,56000,0,0,0,0,1.36,5000,5000,UNKNOWN,5000,UNKNOWN,NA
default_cake.sh,uum16.smt2-cvc4,861540,0,187,0,0,99.97,5000,5000,UNKNOWN,5000,UNKNOWN,NA
default_cake.sh,ASG_96_len112_known_last12_2,498495,0,13,0,0,99.95,251.04,350.99,SAT-VERIFIED,151.024,SAT-VERIFIED,NA
default_cake.sh,ASG_96_len112_known_last12_2_u,496858,0,13,0,0,99.92,251.99,351.91,SAT-VERIFIED,150.805,SAT-VERIFIED,NA
default_cake.sh,ASG_96_len112_known_last13_2,481018,0,13,0,0,99.93,1097.12,1197.05,SAT-VERIFIED,1666.3,SAT-VERIFIED,NA
default_cake.sh,ASG_96_len112_known_last13_2_u,485231,0,15,0,0,99.95,972.51,1072.46,UNSAT,909.384,UNSAT,TRUE
default_cake.sh,frb-40-19-1-mgd_c18,139170,0,0,0,0,99.91,8.66,108.57,SAT-VERIFIED,6.76384,SAT-VERIFIED,NA
default_cake.sh,Grain_no_init_ver1_out200_known_last104_0,498630,0,0,0,0,100.09,1818.09,1918.18,SAT-VERIFIED,1604.74,SAT-VERIFIED,NA
default_cake.sh,Grain_no_init_ver1_out200_known_last104_0_u,549038,0,0,0,0,100.08,2996.67,3096.75,UNSAT,2671.6,UNSAT,TRUE
default_cake.sh,Grain_no_init_ver1_out200_known_last105_0,491879,0,0,0,0,100.01,778.02,878.03,SAT-VERIFIED,656.837,SAT-VERIFIED,NA
default_cake.sh,Grain_no_init_ver1_out200_known_last105_0_u,544151,0,0,0,0,100.11,1171.38,1271.49,UNSAT,996.281,UNSAT,TRUE
default_cake.sh,knight_14,401539,0,0,0,0,99.97,135.68,235.65,SAT-VERIFIED,116.145,SAT-VERIFIED,NA
default_cake.sh,ccp-s8-facto4,517467,6153,0,0,6153,99.49,5000,5000,UNKNOWN,5000,UNKNOWN,NA
default_cake.sh,DLTM_twitter405_71_12,242133,0,58,0,0,100.07,35.57,135.64,SAT-VERIFIED,8.92516,SAT-VERIFIED,NA
default_cake.sh,dlx1c.ucl.sat.chaff.4.1.bryant,959752,1,0,0,1,101.47,0.07,101.54,UNSAT,0.090508,UNSAT,TRUE
default_cake.sh,fermat-33106286870663,264526,0,93,0,0,100.16,188.53,288.69,SAT-VERIFIED,41.839,SAT-VERIFIED,NA
default_cake.sh,fermat-770131695059117,237937,0,75,0,0,100.12,1720.92,1821.04,SAT-VERIFIED,1413.53,SAT-VERIFIED,NA
default_cake.sh,fermat-907547022132073,238506,0,75,0,0,100.15,760.02,860.17,SAT-VERIFIED,2088.09,SAT-VERIFIED,NA
default_cake.sh,full-bf-ga-6-ce,439049,0,0,0,0,100.08,5000,5000,UNKNOWN,5000,UNKNOWN,NA
default_cake.sh,full-bg-gb-6-ce,445830,0,0,0,0,100.07,5000,5000,UNKNOWN,5000,UNKNOWN,NA
default_cake.sh,grain-55-80-0s0-seed-125-45-init-40,218005,0,0,0,0,59.74,531.79,591.53,UNSAT,457.485,UNSAT,TRUE
default_cake.sh,jkkk-one-one-10-30-unsat,358635,0,1,0,0,100.09,77.88,177.97,UNSAT,57.0801,UNSAT,TRUE
default_cake.sh,rbsat-v760c43649g8,335089,0,0,0,0,100.01,5000,5000,UNKNOWN,4478.61,SAT-VERIFIED,NA
default_cake.sh,SGI_30_70_20_60_10-dir.shuffled-as.sat03-144,103726,0,0,0,0,99.95,658.21,758.16,UNSAT,517.045,UNSAT,TRUE
default_cake.sh,simon-mixed-s02bis-05,442138,2,0,0,2,100.1,132.45,232.55,UNSAT,111.603,UNSAT,TRUE
default_cake.sh,sted4_0x1e3-124,645924,0,0,0,0,100.08,958.52,1058.6,SAT-VERIFIED,895.606,SAT-VERIFIED,NA
default_cake.sh,sted6_0x0-135,956706,0,0,0,0,100.02,5000,5000,UNKNOWN,5000,UNKNOWN,NA
default_cake.sh,mp1-klieber2017s-2000-022-eq,276274,0,0,0,0,100.07,1041.19,1141.26,UNSAT,935.857,UNSAT,TRUE
default_cake.sh,prime_a20_b20,574943,0,361,0,0,100.17,179.08,279.25,SAT-VERIFIED,77.4619,SAT-VERIFIED,NA
default_cake.sh,prime_a22_b22,460347,0,271,0,0,100.28,56.29,156.57,SAT-VERIFIED,302.439,SAT-VERIFIED,NA
default_cake.sh,prime_a24_b24,419544,0,95,0,0,100.4,358.51,458.91,SAT-VERIFIED,143.522,SAT-VERIFIED,NA
default_cake.sh,quad_res_r31_m35,541540,0,1,0,0,100.07,5000,5000,UNKNOWN,5000,UNKNOWN,NA
default_cake.sh,quad_res_r32_m35,399860,0,0,0,0,69.51,5000,5000,UNKNOWN,5000,UNKNOWN,NA
default_cake.sh,quad_res_r33_m36,438611,0,0,0,0,82.61,5000,5000,UNKNOWN,5000,UNKNOWN,NA
default_cake.sh,quad_res_r34_m36,525547,0,1,0,0,100.11,5000,5000,UNKNOWN,5000,UNKNOWN,NA
default_cake.sh,quad_res_r35_m36,443472,0,0,0,0,85.08,5000,5000,UNKNOWN,5000,UNKNOWN,NA
default_cake.sh,quad_res_r37_m39,468614,0,1,0,0,100.06,5000,5000,UNKNOWN,5000,UNKNOWN,NA
default_cake.sh,satch2ways12u,402069,0,0,0,0,100.08,31.12,131.2,UNSAT,26.1958,UNSAT,TRUE
default_cake.sh,satch2ways12wu,408224,0,0,0,0,99.93,24.6,124.53,UNSAT,20.1479,UNSAT,TRUE
default_cake.sh,satch2ways13wu,393475,0,0,0,0,100.07,141.15,241.22,UNSAT,115.534,UNSAT,TRUE
default_cake.sh,satch2ways14u,393151,0,0,0,0,99.96,858.17,958.13,UNSAT,733.733,UNSAT,TRUE
default_cake.sh,satch2ways15,248098,5,2,0,5,100.03,3837.96,3937.99,UNSAT,1007.76,UNSAT,TRUE
default_cake.sh,satch2ways15u,385812,0,0,0,0,100,3328.05,3428.05,UNSAT,2796.28,UNSAT,TRUE
default_cake.sh,satch2ways15wu,383581,0,0,0,0,100.06,2641.39,2741.45,UNSAT,2242.01,UNSAT,TRUE
default_cake.sh,sp5-21-15-bin-stri-flat-noid,99684,927,1,0,927,100.09,99.48,199.57,SAT-VERIFIED,598.729,SAT-VERIFIED,NA
default_cake.sh,sp5-21-15-one-nons-tree-noid,80073,1047,1,0,1047,99.97,184.19,284.16,SAT-VERIFIED,880.045,SAT-VERIFIED,NA
default_cake.sh,sp5-21-15-una-nons-tree-noid,86414,1051,1,0,1051,100.11,353.06,453.17,SAT-VERIFIED,384.17,SAT-VERIFIED,NA
default_cake.sh,sp5-26-19-bin-nons-tree-noid,94488,1212,1,0,1212,100.13,5000,5000,UNKNOWN,5000,UNKNOWN,NA
default_cake.sh,sp5-26-19-bin-stri-flat-noid,99648,825,1,0,825,99.45,5000,5000,UNKNOWN,5000,UNKNOWN,NA
default_cake.sh,sp5-26-19-una-nons-tree-noid,86473,911,1,0,911,100.02,5000,5000,UNKNOWN,5000,UNKNOWN,NA
default_cake.sh,sted5_0x1e3-120,609954,0,0,0,0,100.09,144.46,244.55,SAT-VERIFIED,129.75,SAT-VERIFIED,NA
default_cake.sh,sted5_0x1e3-20,556791,0,0,0,0,99.97,5000,5000,UNKNOWN,5000,UNKNOWN,NA
default_cake.sh,Sz512_15128_1.smt2,620290,0,96,0,0,100.01,547.16,647.17,SAT-VERIFIED,231.6,SAT-VERIFIED,NA
default_cake.sh,vlsat2_11_42,416640,1576,4,33,1543,99.76,5000,5000,UNKNOWN,5000,UNKNOWN,NA
default_cake.sh,50bit,236645,0,5,0,0,9.39,5000,5000,UNKNOWN,5000,UNKNOWN,NA
default_cake.sh,66bit,236645,0,5,0,0,9.4,5000,5000,UNKNOWN,5000,UNKNOWN,NA