bench,generated,satisfied,units,pr-units,pr-binaries,pr-time,kissat-time,total-time,solve-result,pr-result
6s165,591976,1350,79,13,1337,100.12,2.33,102.45,UNSAT,TRUE
aes_24_4_keyfind_2,60356,0,0,0,0,2.1,737.98,740.08,SAT-VERIFIED,TRUE
aes_24_4_keyfind_4,61168,0,0,0,0,2.13,430.69,432.82,SAT-VERIFIED,TRUE
aes_32_3_keyfind_1,48946,0,0,0,0,0.81,2583.46,2584.27,SAT-VERIFIED,TRUE
aes_32_3_keyfind_2,47402,0,0,0,0,0.78,510.01,510.79,SAT-VERIFIED,TRUE
aes_64_1_keyfind_1,108136,0,0,0,0,1.78,2015.63,2017.41,SAT-VERIFIED,TRUE
battleship-13-25-sat,548952,1710,0,24,1686,16.28,0,16.28,SAT-VERIFIED,TRUE
battleship-14-14-unsat,64876,0,0,0,0,2.43,5000,5000,UNKNOWN,Timeout
bivium-39-200-0s0-0x163b785faa4bfb1b3b894a9206768a6c3d5d6f038b3797c4c2-99,25346,0,0,0,0,0.13,1704.27,1704.4,UNSAT,TRUE
bivium-39-200-0s0-0x1b770901581bbb2863c83835583d7ce4e1fafd907076320542-34,24412,0,0,0,0,0.53,2589.52,2590.05,UNSAT,TRUE
bivium-39-200-0s0-0x28df9231b320bd56dfb68bfc7c3f0ca20dbae6b0eba535ad91-98,26660,0,0,0,0,0.57,1377.47,1378.04,UNSAT,TRUE
bivium-39-200-0s0-0x53e7622aad02b083b53dcd6a4a76f54a150ceb996ea1dfa300-63,23890,0,0,0,0,0.13,1340.96,1341.09,UNSAT,TRUE
bivium-39-200-0s0-0x5fa955de2b4f64d00226837d226c955de4566ce95f660180d7-30,33481,0,0,0,0,0.69,2272.12,2272.81,UNSAT,TRUE
bivium-39-200-0s0-0xdcfb6ab71951500b8e460045bd45afee15c87e08b0072eb174-43,25586,0,0,0,0,0.52,1859.11,1859.63,UNSAT,TRUE
bivium-40-200-0s0-0x66b619d7b8e447710bf43b794ded6cfaf1e75bb8a947e14c78-50,30518,0,0,0,0,0.64,3757.71,3758.35,UNSAT,TRUE
bivium-40-200-0s0-0x92fc13b11169afbb2ef11a684d9fe9a19e743cd6aa5ce23fb5-19,25400,0,0,0,0,0.13,650.43,650.56,UNSAT,TRUE
bivium-40-200-0s0-0xd447c33176b6b675fd5f8dc3a5deda46569dc34eedf37da020-6,29380,0,0,0,0,0.62,761.84,762.46,UNSAT,TRUE
connm-ue-csp-sat-n800-d-0.02-s1542454144.sat05-533.reshuffled-07,86032,1104,0,0,1104,3.95,1306.65,1310.6,SAT-VERIFIED,TRUE
connm-ue-csp-sat-n800-d0.02-s925928766.sat05-538.reshuffled-07,83778,1050,0,0,1050,3.47,691.12,694.59,UNSAT,TRUE
connm-ue-csp-sat-n800-d0.04-s1788334438.sat05-543.reshuffled-07,92450,1146,0,0,1146,4.23,5000,5000,UNKNOWN,Timeout
connm-ue-csp-sat-n800-d0.04-s1788334438.used-as.sat04-976,92450,1146,0,0,1146,4.35,5000,5000,UNKNOWN,Timeout
contest04-lksat-n1100-m7545-k4-l4-s310659001.sat05-524.reshuffled-07,111758,88,14,0,88,1.82,552.44,554.26,UNSAT,TRUE
eulcbip-7-UNSAT.shuffled-as.sat05-3936,2692,0,0,0,0,0.06,5000,5000,UNKNOWN,Timeout
eulcbip-8-UNSAT.sat05-3937.reshuffled-07,3216,0,0,0,0,0,5000,5000,UNKNOWN,Timeout
f600.shuffled,77874,31,3,0,31,0.9,24.32,25.22,SAT-VERIFIED,TRUE
fsf-300-354-2-2-3-2.46.opt,785851,9553,0,0,9553,99.99,1755.65,1855.64,SAT-VERIFIED,TRUE
fsf-300-354-2-2-3-2.89.opt,778779,9697,0,0,9697,100.05,5000,5000,UNKNOWN,Timeout
fsf-300-354-2-2-3-2.94.opt,783538,9486,0,0,9486,100.02,5000,5000,UNKNOWN,Timeout
GreenTao_2-4-4_511,51032,0,0,0,0,0.63,5000,5000,UNKNOWN,Timeout
hid-uns-enc-6-1-0-0-0-0-10605,1967586,42,0,0,42,100.38,114.33,214.71,UNSAT,TRUE
hid-uns-enc-6-1-0-0-0-0-12688,1944679,131,4,0,131,100.36,105.29,205.65,UNSAT,TRUE
hid-uns-enc-6-1-0-0-0-0-14492,1944812,59,0,0,59,100.33,111.88,212.21,UNSAT,TRUE
hid-uns-enc-6-1-0-0-0-0-157,1912513,92,0,0,92,100.38,97.58,197.96,UNSAT,TRUE
hid-uns-enc-6-1-0-0-0-0-17054,1899960,161,1,0,161,100.38,216.58,316.96,UNSAT,TRUE
hid-uns-enc-6-1-0-0-0-0-17599,1943423,46,0,0,46,100.41,63.73,164.14,UNSAT,TRUE
hid-uns-enc-6-1-0-0-0-0-18123,1933224,55,1,0,55,100.39,61.85,162.24,UNSAT,TRUE
hid-uns-enc-6-1-0-0-0-0-18969,1956701,32,0,0,32,100.31,58,158.31,UNSAT,TRUE
hid-uns-enc-6-1-0-0-0-0-22883,1901627,69,0,0,69,100.41,134.38,234.79,UNSAT,TRUE
hid-uns-enc-6-1-0-0-0-0-22984,1886852,108,0,0,108,100.2,158.78,258.98,UNSAT,TRUE
hid-uns-enc-6-1-0-0-0-0-2707,1938942,58,0,0,58,100.39,54.64,155.03,UNSAT,TRUE
hid-uns-enc-6-1-0-0-0-0-27601,1950028,93,1,0,93,100.34,113.21,213.55,UNSAT,TRUE
hid-uns-enc-6-1-0-0-0-0-28258,1932941,89,1,0,89,100.37,125.47,225.84,UNSAT,TRUE
hid-uns-enc-6-1-0-0-0-0-28527,1936832,41,0,0,41,100.39,68.64,169.03,UNSAT,TRUE
hid-uns-enc-6-1-0-0-0-0-30547,1922591,89,0,0,89,100.38,87.23,187.61,UNSAT,TRUE
hid-uns-enc-6-1-0-0-0-0-30856,1949299,51,0,0,51,100.38,75.2,175.58,UNSAT,TRUE
hid-uns-enc-6-1-0-0-0-0-4779,1933001,52,1,0,52,100.38,36.37,136.75,UNSAT,TRUE
hid-uns-enc-6-1-0-0-0-0-6441,1924018,111,2,0,111,100.29,115.81,216.1,UNSAT,TRUE
hid-uns-enc-6-1-0-0-0-0-8285,1925678,117,2,0,117,100.38,104.33,204.71,UNSAT,TRUE
hid-uns-enc-6-1-0-0-0-0-8728,1908397,62,0,0,62,100.37,115.38,215.75,UNSAT,TRUE
hwb-n28-01-S136611085.shuffled-as.sat03-1627,4602,0,0,0,0,0.05,1817.08,1817.13,UNSAT,TRUE
hwb-n28-02-S818962541.sat05-492.reshuffled-07,4432,0,0,0,0,0.06,5000,5000,UNKNOWN,Timeout
hwb-n28-02-S818962541.shuffled-as.sat03-1628,4390,0,0,0,0,0.06,5000,5000,UNKNOWN,Timeout
mod2-rand3bip-sat-250-3.sat05-2220.reshuffled-07,4988,0,0,0,0,0,227.23,227.23,SAT-VERIFIED,TRUE
mod2-rand3bip-sat-270-2.sat05-2249.reshuffled-07,5388,0,0,0,0,0.06,765.76,765.82,SAT-VERIFIED,TRUE
mod2c-rand3bip-sat-240-2.shuffled-as.sat05-2519,8532,0,0,0,0,0.08,376.89,376.97,SAT-VERIFIED,TRUE
mod2c-rand3bip-sat-240-3.shuffled-as.sat05-2520,8584,0,0,0,0,0.08,373.65,373.73,SAT-VERIFIED,TRUE
mod2c-rand3bip-sat-250-3.shuffled-as.sat05-2535,8900,0,0,0,0,0.09,249.86,249.95,SAT-VERIFIED,TRUE
mrpp_4x4#6_7,860029,971,93,5,966,54.68,0.07,54.75,SAT-VERIFIED,TRUE
MUS-v300-1,28700,30,0,0,30,0.06,500.01,500.07,UNSAT,TRUE
MUS-v300-2,30212,30,0,0,30,0.05,2264.59,2264.64,UNSAT,TRUE
MUS-v300-3,29054,22,0,0,22,0.06,1381.72,1381.78,UNSAT,TRUE
MUS-v300-4,28921,9,0,0,9,0.06,1252.8,1252.86,UNSAT,TRUE
MUS-v310-1,29984,28,0,0,28,0.06,3327.71,3327.77,UNSAT,TRUE
MUS-v310-2,30024,18,0,0,18,0.06,2322.55,2322.61,UNSAT,TRUE
MUS-v310-3,30524,24,0,0,24,0.06,4213.32,4213.38,UNSAT,TRUE
MUS-v310-4,30780,43,0,0,43,0.06,1606.89,1606.95,UNSAT,TRUE
MUS-v320-1,30996,34,0,0,34,0.06,3893.22,3893.28,UNSAT,TRUE
MUS-v320-2,31860,25,0,0,25,0.06,5000,5000,UNKNOWN,Timeout
MUS-v320-3,31712,20,0,0,20,0.06,4115.13,4115.19,UNSAT,TRUE
MUS-v330-1,32528,34,0,0,34,0.06,3024.88,3024.94,UNSAT,TRUE
MUS-v330-2,31539,23,0,0,23,0.06,4340.32,4340.38,UNSAT,TRUE
mutcb16,138049,376,19,4,372,3.78,17.84,21.62,UNSAT,TRUE
ph12,128207,3658,40,2,3656,4.5,2.77,7.27,UNSAT,TRUE
pmg-11-UNSAT.sat05-3939.reshuffled-07,2363,0,0,0,0,0.05,2053.05,2053.1,UNSAT,TRUE
pmg-12-UNSAT.sat05-3940.reshuffled-07,2660,0,0,0,0,0,5000,5000,UNKNOWN,Timeout
sgen1-sat-140-100,15544,14,0,0,14,0.05,52.15,52.2,SAT-VERIFIED,TRUE
sgen1-sat-230-100,26364,10,0,0,10,0.05,5000,5000,UNKNOWN,Timeout
sgen1-sat-270-100,31004,8,0,0,8,0.06,5000,5000,UNKNOWN,Timeout
sgen1-unsat-97-100,1960,0,0,0,0,0,5000,5000,UNKNOWN,Timeout
sgen3-n140-s18527668-sat,16202,6,0,0,6,0.05,139.51,139.56,SAT-VERIFIED,TRUE
sgen3-n240-s78945233-sat,28720,6,0,0,6,0.05,5000,5000,UNKNOWN,Timeout
sgen4-sat-200-8,12134,0,0,0,0,0.05,1913.58,1913.63,SAT-VERIFIED,TRUE
sgen4-sat-220-8,13318,0,0,0,0,0.05,5000,5000,UNKNOWN,Timeout
sgen4-unsat-101-1,2040,0,0,0,0,0,5000,5000,UNKNOWN,Timeout
toughsat_factoring_1238s,405895,0,21,0,0,22.78,76.95,99.73,SAT-VERIFIED,TRUE
toughsat_factoring_148s,402564,0,9,0,0,21.56,28.31,49.87,SAT-VERIFIED,TRUE
toughsat_factoring_155s,1157901,0,31,0,0,65.68,355.3,420.98,SAT-VERIFIED,TRUE
toughsat_factoring_428s,597199,0,18,0,0,32.08,99.94,132.02,SAT-VERIFIED,TRUE
toughsat_factoring_958s,704486,0,18,0,0,36.18,2.64,38.82,SAT-VERIFIED,TRUE
tph6,11007,195,0,0,195,0.07,160.45,160.52,UNSAT,TRUE
tph7,18543,315,0,0,315,0.93,5000,5000,UNKNOWN,Timeout
tph8,29388,476,0,0,476,1.87,5000,5000,UNKNOWN,Timeout
tph9,44388,684,0,0,684,4.53,5000,5000,UNKNOWN,Timeout
urq55,3052,0,0,0,0,0,5000,5000,UNKNOWN,Timeout
VanDerWaerden_2-3-14_186,60700,0,0,0,0,1.01,5000,5000,UNKNOWN,Timeout
x1_80.shuffled,3808,0,0,0,0,0.05,5000,5000,UNKNOWN,Timeout
6s165-nonopt,896573,1589,161,18,1571,100.18,1.29,101.47,UNSAT,TRUE
ablmulub16x4o,630276,251,1,0,251,72.85,139.99,212.84,UNSAT,TRUE
aes_24_4_keyfind_5,61708,0,0,0,0,2.1,4683.57,4685.67,SAT-VERIFIED,TRUE
aes_32_2_keyfind_1,44504,0,0,0,0,1.35,5000,5000,UNKNOWN,Timeout
aes_32_5_keyfind_1,62900,0,0,0,0,1.3,5000,5000,UNKNOWN,Timeout
aes_64_2_keyfind_1,117760,0,0,0,0,2.8,5000,5000,UNKNOWN,Timeout
aes_64_3_keyfind_1,139520,0,0,0,0,4.37,5000,5000,UNKNOWN,Timeout
C168_FW_UT_518,0,0,0,0,0,0,0,0,SAT-VERIFIED,TRUE
dimacs,280202,0,4,0,0,22.55,1088.72,1111.27,UNSAT,TRUE
ecgrid6x115_shuffled,27620,0,0,0,0,0.56,2181.66,2182.22,UNSAT,TRUE
ecgrid6x135_shuffled,32420,0,0,0,0,0.66,3299.2,3299.86,UNSAT,TRUE
ecgrid6x155_shuffled,37220,0,0,0,0,0.87,2248.33,2249.2,UNSAT,TRUE
ecgrid6x165_shuffled,39620,0,0,0,0,0.9,5000,5000,UNKNOWN,Timeout
ecgrid6x175_shuffled,42020,0,0,0,0,1.21,5000,5000,UNKNOWN,Timeout
ecgrid6x185_shuffled,44420,0,0,0,0,1.17,5000,5000,UNKNOWN,Timeout
ecgrid6x195_shuffled,46820,0,0,0,0,1.21,5000,5000,UNKNOWN,Timeout
ecgrid6x205_shuffled,49220,0,0,0,0,1.38,5000,5000,UNKNOWN,Timeout
eq.atree.braun.11.unsat,152341,0,5,0,0,9.48,542.9,552.38,UNSAT,TRUE
eq.atree.braun.12.unsat,253078,0,12,0,0,16.52,2012.07,2028.59,UNSAT,TRUE
eq.atree.braun.13.unsat,209419,0,2,0,0,15.75,5000,5000,UNKNOWN,Timeout
f1000,118491,36,1,0,36,1.78,182.18,183.96,SAT-VERIFIED,TRUE
f600,90261,31,3,0,31,1.07,40.94,42.01,SAT-VERIFIED,TRUE
fixedbandwidth-eq-31_shuffled,2520,0,0,0,0,0,1404.17,1404.17,UNSAT,TRUE
fixedbandwidth-eq-32_shuffled,2600,0,0,0,0,0,3467.06,3467.06,UNSAT,TRUE
fixedbandwidth-eq-33_shuffled,2680,0,0,0,0,0,3199.25,3199.25,UNSAT,TRUE
fixedbandwidth-eq-34_shuffled,2760,0,0,0,0,0.05,2880.55,2880.6,UNSAT,TRUE
fixedbandwidth-eq-35_shuffled,2840,0,0,0,0,0.05,2545.15,2545.2,UNSAT,TRUE
fixedbandwidth-eq-36_shuffled,2920,0,0,0,0,0,2858.55,2858.55,UNSAT,TRUE
fixedbandwidth-eq-37_shuffled,3000,0,0,0,0,0,928.39,928.39,UNSAT,TRUE
fixedbandwidth-eq-39_shuffled,3160,0,0,0,0,0.05,509.06,509.11,UNSAT,TRUE
fixedbandwidth-eq-40_shuffled,3240,0,0,0,0,0.05,700.86,700.91,UNSAT,TRUE
fixedbandwidth-eq-42_shuffled,3400,0,0,0,0,0,397.35,397.35,UNSAT,TRUE
homer17,532814,6211,80,3,6208,20.11,0.04,20.15,UNSAT,TRUE
jgiraldezlevy.2200.9086.08.40.108,553060,164,14,0,164,14.25,5000,5000,UNKNOWN,Timeout
jgiraldezlevy.2200.9086.08.40.109,504580,131,11,0,131,12.82,1727.44,1740.26,UNSAT,TRUE
jgiraldezlevy.2200.9086.08.40.117,415436,171,7,0,171,10.81,3049.94,3060.75,SAT-VERIFIED,TRUE
jgiraldezlevy.2200.9086.08.40.135,450864,178,12,0,178,11.26,2850.74,2862,UNSAT,TRUE
jgiraldezlevy.2200.9086.08.40.136,571756,144,15,0,144,14,619.04,633.04,SAT-VERIFIED,TRUE
jgiraldezlevy.2200.9086.08.40.149,493142,150,11,0,150,12.45,48.55,61,SAT-VERIFIED,TRUE
jgiraldezlevy.2200.9086.08.40.158,445425,144,11,0,144,11.19,46.99,58.18,SAT-VERIFIED,TRUE
jgiraldezlevy.2200.9086.08.40.167,385957,128,5,0,128,9.28,5000,5000,UNKNOWN,Timeout
jgiraldezlevy.2200.9086.08.40.180,442936,165,7,0,165,11.62,5000,5000,UNKNOWN,Timeout
jgiraldezlevy.2200.9086.08.40.188,502876,138,10,0,138,12.56,8.35,20.91,SAT-VERIFIED,TRUE
jgiraldezlevy.2200.9086.08.40.194,395191,130,6,0,130,9.87,22.17,32.04,SAT-VERIFIED,TRUE
jgiraldezlevy.2200.9086.08.40.2,556117,135,8,0,135,13.92,439.21,453.13,SAT-VERIFIED,TRUE
jgiraldezlevy.2200.9086.08.40.20,588455,134,11,0,134,14.75,15.97,30.72,SAT-VERIFIED,TRUE
jgiraldezlevy.2200.9086.08.40.22,707216,153,12,0,153,17.4,15.27,32.67,SAT-VERIFIED,TRUE
jgiraldezlevy.2200.9086.08.40.28,496500,180,10,0,180,12.53,167.14,179.67,SAT-VERIFIED,TRUE
jgiraldezlevy.2200.9086.08.40.33,474303,195,9,0,195,12.09,203.33,215.42,SAT-VERIFIED,TRUE
jgiraldezlevy.2200.9086.08.40.35,395517,137,10,0,137,9.82,14.36,24.18,SAT-VERIFIED,TRUE
jgiraldezlevy.2200.9086.08.40.41,270940,107,8,0,107,6.78,44.63,51.41,SAT-VERIFIED,TRUE
jgiraldezlevy.2200.9086.08.40.46,389589,160,8,0,160,9.73,693,702.73,UNSAT,TRUE
jgiraldezlevy.2200.9086.08.40.62,325432,117,7,0,117,8.06,27.72,35.78,SAT-VERIFIED,TRUE
jgiraldezlevy.2200.9086.08.40.79,612208,168,12,0,168,15.63,693.53,709.16,SAT-VERIFIED,TRUE
jgiraldezlevy.2200.9086.08.40.8,380681,167,5,0,167,9.77,4.36,14.13,SAT-VERIFIED,TRUE
jgiraldezlevy.2200.9086.08.40.81,512867,130,7,0,130,12.9,46.28,59.18,SAT-VERIFIED,TRUE
jgiraldezlevy.2200.9086.08.40.83,388471,136,7,0,136,9.85,437.93,447.78,SAT-VERIFIED,TRUE
jgiraldezlevy.2200.9086.08.40.85,713970,140,12,0,140,17.85,14.49,32.34,SAT-VERIFIED,TRUE
jgiraldezlevy.2200.9086.08.40.93,380164,155,9,0,155,9.47,18.93,28.4,SAT-VERIFIED,TRUE
manthey_single-ordered-initialized-w12-b6,666709,0,35,0,0,35.47,0,35.47,SAT-VERIFIED,TRUE
manthey_single-ordered-initialized-w14-b7,1346226,0,49,0,0,100.19,0,100.19,SAT-VERIFIED,TRUE
modgen-n200-m90860q08c40-1006,596427,131,12,0,131,15.17,4.64,19.81,SAT-VERIFIED,TRUE
modgen-n200-m90860q08c40-11953,461480,165,11,0,165,12.03,4.75,16.78,SAT-VERIFIED,TRUE
modgen-n200-m90860q08c40-12992,332653,169,10,0,169,8.41,0,8.41,UNSAT,TRUE
modgen-n200-m90860q08c40-13845,459277,146,8,0,146,11.1,5000,5000,UNKNOWN,Timeout
modgen-n200-m90860q08c40-1434,485291,166,9,0,166,12.51,8.25,20.76,SAT-VERIFIED,TRUE
modgen-n200-m90860q08c40-14424,418814,146,5,0,146,10.2,19.38,29.58,UNSAT,TRUE
modgen-n200-m90860q08c40-14808,451151,146,9,0,146,11.31,5000,5000,UNKNOWN,Timeout
modgen-n200-m90860q08c40-15163,431702,140,8,0,140,11.05,0,11.05,UNSAT,TRUE
modgen-n200-m90860q08c40-15606,446532,156,9,0,156,11.18,23.1,34.28,SAT-VERIFIED,TRUE
modgen-n200-m90860q08c40-1585,442674,162,11,0,162,11.24,0.85,12.09,SAT-VERIFIED,TRUE
modgen-n200-m90860q08c40-16597,386726,164,7,0,164,9.7,10.88,20.58,SAT-VERIFIED,TRUE
modgen-n200-m90860q08c40-1876,556683,165,12,0,165,13.96,21.04,35,SAT-VERIFIED,TRUE
modgen-n200-m90860q08c40-18788,620297,156,16,0,156,15.28,20.21,35.49,SAT-VERIFIED,TRUE
modgen-n200-m90860q08c40-18972,368348,132,4,0,132,9.17,3,12.17,SAT-VERIFIED,TRUE
modgen-n200-m90860q08c40-19419,448682,150,8,0,150,11.31,2.84,14.15,SAT-VERIFIED,TRUE
modgen-n200-m90860q08c40-2087,494313,151,11,0,151,12.59,111.18,123.77,SAT-VERIFIED,TRUE
modgen-n200-m90860q08c40-21438,566964,145,10,0,145,14.18,0,14.18,UNSAT,TRUE
modgen-n200-m90860q08c40-22556,472656,153,12,0,153,11.86,5.27,17.13,SAT-VERIFIED,TRUE
modgen-n200-m90860q08c40-25297,467260,174,10,0,174,11.91,8.96,20.87,SAT-VERIFIED,TRUE
modgen-n200-m90860q08c40-28046,501324,146,11,0,146,12.6,1.79,14.39,UNSAT,TRUE
modgen-n200-m90860q08c40-29020,354724,138,2,0,138,8.68,0,8.68,UNSAT,TRUE
modgen-n200-m90860q08c40-3230,377075,106,3,0,106,9.32,117.45,126.77,SAT-VERIFIED,TRUE
modgen-n200-m90860q08c40-3866,495186,148,9,1,147,12.84,0.1,12.94,UNSAT,TRUE
modgen-n200-m90860q08c40-4208,361638,133,9,0,133,9.27,15.83,25.1,SAT-VERIFIED,TRUE
modgen-n200-m90860q08c40-5377,425930,178,10,0,178,10.84,0,10.84,UNSAT,TRUE
modgen-n200-m90860q08c40-6295,444277,124,13,0,124,11.13,0,11.13,UNSAT,TRUE
modgen-n200-m90860q08c40-6336,641989,171,17,0,171,16.1,14.7,30.8,SAT-VERIFIED,TRUE
modgen-n200-m90860q08c40-6967,471449,137,10,0,137,11.54,135.49,147.03,SAT-VERIFIED,TRUE
modgen-n200-m90860q08c40-9056,435160,153,13,0,153,10.7,7.44,18.14,SAT-VERIFIED,TRUE
mrpp_4x4#4_4,634018,530,129,2,528,19.07,0.07,19.14,UNSAT,TRUE
mrpp_4x4#4_5,892592,734,129,1,733,36.53,0,36.53,SAT-VERIFIED,TRUE
mrpp_4x4#6_5,651771,617,103,1,616,24.51,0.07,24.58,UNSAT,TRUE
par32-1-c,82186,0,1,0,0,5.95,5000,5000,UNKNOWN,Timeout
par32-3-c,81059,0,1,0,0,5.59,5000,5000,UNKNOWN,Timeout
rphp4_065_shuffled,513223,22431,1,10,22421,99.78,96,195.78,UNSAT,TRUE
rphp4_070_shuffled,505940,25258,6,2,25256,99.75,260.36,360.11,UNSAT,TRUE
rphp4_075_shuffled,478617,29183,5,5,29178,99.71,253.08,352.79,UNSAT,TRUE
rphp5_035_shuffled,860896,8873,12,2,8871,88.86,578.32,667.18,UNSAT,TRUE
rphp5_040_shuffled,751449,12548,8,5,12543,99.82,973.64,1073.46,UNSAT,TRUE
rphp5_045_shuffled,649975,15387,10,2,15385,99.9,3167.79,3267.69,UNSAT,TRUE
rphp5_050_shuffled,644260,18737,4,7,18730,99.83,5000,5000,UNKNOWN,Timeout
rphp5_055_shuffled,545312,22985,9,6,22979,99.89,5000,5000,UNKNOWN,Timeout
rphp5_060_shuffled,565255,25310,7,5,25305,99.84,5000,5000,UNKNOWN,Timeout
rphp5_065_shuffled,514239,29821,8,4,29817,99.47,5000,5000,UNKNOWN,Timeout
sat_prob_83,0,0,0,0,0,0,1626.42,1626.42,UNSAT,TRUE
tseitingrid4x185_shuffled,29600,0,0,0,0,0.59,170.24,170.83,UNSAT,TRUE
tseitingrid4x190_shuffled,30400,0,0,0,0,0.6,197.07,197.67,UNSAT,TRUE
tseitingrid4x195_shuffled,31200,0,0,0,0,0.59,146.91,147.5,UNSAT,TRUE
tseitingrid4x200_shuffled,32000,0,0,0,0,0.61,151.09,151.7,UNSAT,TRUE
tseitingrid5x180_shuffled,36000,0,0,0,0,0.78,5000,5000,UNKNOWN,Timeout
tseitingrid5x185_shuffled,37000,0,0,0,0,0.82,5000,5000,UNKNOWN,Timeout
tseitingrid5x190_shuffled,38000,0,0,0,0,0.86,5000,5000,UNKNOWN,Timeout
tseitingrid5x195_shuffled,39000,0,0,0,0,0.9,5000,5000,UNKNOWN,Timeout
tseitingrid5x200_shuffled,40000,0,0,0,0,0.9,5000,5000,UNKNOWN,Timeout
tseitingrid6x145_shuffled,34800,0,0,0,0,0.76,5000,5000,UNKNOWN,Timeout
tseitingrid6x150_shuffled,36000,0,0,0,0,0.75,5000,5000,UNKNOWN,Timeout
tseitingrid6x155_shuffled,37200,0,0,0,0,0.8,5000,5000,UNKNOWN,Timeout
tseitingrid6x160_shuffled,38400,0,0,0,0,0.81,5000,5000,UNKNOWN,Timeout
tseitingrid6x165_shuffled,39600,0,0,0,0,0.9,5000,5000,UNKNOWN,Timeout
tseitingrid6x170_shuffled,40800,0,0,0,0,0.92,5000,5000,UNKNOWN,Timeout
tseitingrid6x175_shuffled,42000,0,0,0,0,1.01,5000,5000,UNKNOWN,Timeout
tseitingrid6x180_shuffled,43200,0,0,0,0,1,5000,5000,UNKNOWN,Timeout
tseitingrid6x185_shuffled,44400,0,0,0,0,0.89,5000,5000,UNKNOWN,Timeout
tseitingrid6x190_shuffled,45600,0,0,0,0,1.12,5000,5000,UNKNOWN,Timeout
tseitingrid6x195_shuffled,46800,0,0,0,0,1.15,5000,5000,UNKNOWN,Timeout
tseitingrid6x200_shuffled,48000,0,0,0,0,1.21,5000,5000,UNKNOWN,Timeout
tseitingrid7x120_shuffled,33600,0,0,0,0,0.71,5000,5000,UNKNOWN,Timeout
tseitingrid7x125_shuffled,35000,0,0,0,0,0.75,5000,5000,UNKNOWN,Timeout
tseitingrid7x130_shuffled,36400,0,0,0,0,0.81,5000,5000,UNKNOWN,Timeout
tseitingrid7x135_shuffled,37800,0,0,0,0,0.82,5000,5000,UNKNOWN,Timeout
tseitingrid7x140_shuffled,39200,0,0,0,0,0.9,5000,5000,UNKNOWN,Timeout
tseitingrid7x145_shuffled,40600,0,0,0,0,0.9,5000,5000,UNKNOWN,Timeout
tseitingrid7x150_shuffled,42000,0,0,0,0,0.97,5000,5000,UNKNOWN,Timeout
tseitingrid7x155_shuffled,43400,0,0,0,0,1.05,5000,5000,UNKNOWN,Timeout
tseitingrid7x160_shuffled,44800,0,0,0,0,1.06,5000,5000,UNKNOWN,Timeout
tseitingrid7x165_shuffled,46200,0,0,0,0,1.18,5000,5000,UNKNOWN,Timeout
tseitingrid7x170_shuffled,47600,0,0,0,0,1.23,5000,5000,UNKNOWN,Timeout
tseitingrid7x175_shuffled,49000,0,0,0,0,1.25,5000,5000,UNKNOWN,Timeout
uum8.smt2-stp212,0,0,0,0,0,0,3.21,3.21,UNSAT,TRUE
cruxmiter28seed8,62295,41,12,0,41,1.53,251.83,253.36,UNSAT,TRUE
cruxmiter29seed4,59180,38,11,0,38,1.38,2524.89,2526.27,UNSAT,TRUE
cruxmiter29seed9,65647,45,10,0,45,1.58,4919.04,4920.62,UNSAT,TRUE
cruxmiter32seed4,82047,63,18,0,63,2.31,5000,5000,UNKNOWN,Timeout
eqbparrc12spctbk12,282812,0,7,0,0,24.93,5000,5000,UNKNOWN,Timeout
eqbpdtlf12bparrc12,318326,0,8,0,0,30.44,257.67,288.11,UNSAT,TRUE
eqbpwtcl10spwtcl10,323326,0,2,0,0,33.01,399.2,432.21,UNSAT,TRUE
eqbpwtrc10bpdtlf10,225951,0,6,0,0,17.56,36.18,53.74,UNSAT,TRUE
eqbpwtrc10spctbk10,187536,0,5,0,0,13.1,484.78,497.88,UNSAT,TRUE
eqsparcl10bpwtrc10,226471,0,5,0,0,18.39,221.22,239.61,UNSAT,TRUE
eqsparcl12bpwtrc12,370690,0,9,0,0,39.2,5000,5000,UNKNOWN,Timeout
eqsparrc12bpdtlf12,298471,0,1,0,0,28.01,5000,5000,UNKNOWN,Timeout
eqspctbk12bpwtrc12,290135,0,9,0,0,25.9,5000,5000,UNKNOWN,Timeout
Pb-chnl15-16_c18,1661008,17663,115,6,17657,95.47,5000,5000,UNKNOWN,Timeout
Pb-chnl20-21_c18,625816,40985,121,5,40980,99.95,5000,5000,UNKNOWN,Timeout
size_4_4_4_i0418_r8,201799,0,2,0,0,6.82,329.81,336.63,UNSAT,TRUE
size_4_4_4_i0566_r8,201795,0,2,0,0,6.76,474.79,481.55,UNSAT,TRUE
size_4_4_4_i2704_r8,201795,0,2,0,0,6.76,340.84,347.6,UNSAT,TRUE
size_4_4_4_i3499_r8,201791,0,2,0,0,6.91,347.43,354.34,UNSAT,TRUE
size_4_4_4_i4096_r8,201795,0,2,0,0,6.81,358.38,365.19,UNSAT,TRUE
size_4_4_4_i4295_r8,201807,0,2,0,0,6.89,156.33,163.22,UNSAT,TRUE
size_4_4_4_i4473_r8,201799,0,2,0,0,7.08,280.87,287.95,UNSAT,TRUE
size_4_4_4_i4828_r8,201795,0,2,0,0,6.81,337.45,344.26,UNSAT,TRUE
170055892,16000,0,0,0,0,0.06,25.02,25.08,SAT-VERIFIED,TRUE
170058143,16000,0,0,0,0,0.06,169.86,169.92,SAT-VERIFIED,TRUE
170058440,16000,0,0,0,0,0.05,5000,5000,UNKNOWN,Timeout
170059081,16000,0,0,0,0,0.06,167.69,167.75,SAT-VERIFIED,TRUE
170059722,16000,0,0,0,0,0.06,1359.07,1359.13,SAT-VERIFIED,TRUE
170104584,16000,0,0,0,0,0.06,5000,5000,UNKNOWN,Timeout
170105432,16000,0,0,0,0,0.06,3981.06,3981.12,SAT-VERIFIED,TRUE
170153306,16044,0,0,0,0,0.06,557.1,557.16,SAT-VERIFIED,TRUE
170154931,16044,0,0,0,0,0.06,170.77,170.83,SAT-VERIFIED,TRUE
170222843,16100,0,0,0,0,0.06,158.24,158.3,SAT-VERIFIED,TRUE
170223547,16100,0,0,0,0,0.06,304.47,304.53,SAT-VERIFIED,TRUE
170225515,16100,0,0,0,0,0.06,986.55,986.61,SAT-VERIFIED,TRUE
170225812,16100,0,0,0,0,0.06,159.11,159.17,SAT-VERIFIED,TRUE
fsf-300-354-2-2-3-2.23.opt,780683,9678,0,0,9678,99.92,1161.39,1261.31,SAT-VERIFIED,TRUE
gto_p50c314,513701,244,0,0,244,29.66,5000,5000,UNKNOWN,Timeout
gto_p60c241,1649478,333,12,0,333,92.95,69.2,162.15,UNSAT,TRUE
harder-php-025-024.sat05-1191.reshuffled-07,30282,10757,18,10,10747,99.98,5000,5000,UNKNOWN,Timeout
hid-uns-enc-6-1-0-0-0-0-26462,1897821,108,0,0,108,100.33,278.13,378.46,UNSAT,TRUE
hid-uns-enc-6-1-0-0-0-0-3251,1978824,56,1,0,56,100.3,141.96,242.26,UNSAT,TRUE
homer17.shuffled,251626,6559,123,6,6553,7.7,0,7.7,UNSAT,TRUE
mod2c-rand3bip-sat-220-2.sat05-2489.reshuffled-07,7880,0,0,0,0,0.08,194.31,194.39,SAT-VERIFIED,TRUE
mp1-squ_any_s09x07_c27_bail_UNS,370422,1705,7,1,1704,12.97,917.61,930.58,UNSAT,TRUE
sgen4-unsat-89-1,1800,0,0,0,0,0,5000,5000,UNKNOWN,Timeout
size_4_5_5_i000_w31_r9,494221,0,2,0,0,25.08,2721.1,2746.18,UNSAT,TRUE
size_4_5_5_i003_w31_r9,494234,0,2,0,0,25.37,2402.75,2428.12,UNSAT,TRUE
size_4_5_5_i028_w31_r9,494220,0,2,0,0,25.36,870.18,895.54,UNSAT,TRUE
size_4_5_5_i031_w31_r9,494213,0,2,0,0,25.34,2788,2813.34,UNSAT,TRUE
size_4_5_5_i032_w31_r9,494207,0,2,0,0,25.18,2679.26,2704.44,UNSAT,TRUE
size_4_5_5_i035_w31_r9,494212,0,2,0,0,25.29,2597.37,2622.66,UNSAT,TRUE
size_4_5_5_i037_w31_r9,494211,0,2,0,0,25.16,2093.04,2118.2,UNSAT,TRUE
Steiner-135-32-bce,673554,23279,54,0,23279,99.55,4771.39,4870.94,SAT-VERIFIED,TRUE
Steiner-135-33-bce,591702,19408,59,0,19408,98.99,5000,5000,UNKNOWN,Timeout
Steiner-15-7-bce,25637,204,6,1,203,0.04,0,0.04,UNSAT,TRUE
Steiner-27-10-bce,165482,1251,15,1,1250,6.14,0.12,6.26,UNSAT,TRUE
Steiner-45-16-bce,966300,11029,24,3,11026,99.8,6.84,106.64,UNSAT,TRUE
Steiner-81-21-bce,703600,22388,70,0,22388,99.83,5000,5000,UNKNOWN,Timeout
Steiner-9-5-bce,2851,16,6,0,16,0,0,0,UNSAT,TRUE
battleship-12-12-unsat,32688,0,0,0,0,1.06,68.63,69.69,UNSAT,TRUE
battleship-14-26-sat,1379781,1764,0,24,1740,48.55,135.48,184.03,SAT-VERIFIED,TRUE
huck.col.11,1727238,9916,83,106,9810,99.92,0,99.92,UNSAT,TRUE
mp1-bsat201-707,10088,0,0,0,0,0.06,1272.6,1272.66,UNSAT,TRUE
mp1-bsat210-739,10548,0,0,0,0,0.06,3617.74,3617.8,UNSAT,TRUE
mp1-squ_ali_s10x10_c39_abio_SAT,716999,261,38,0,261,100.04,67.98,168.02,SAT-VERIFIED,TRUE
mp1-squ_any_s09x07_c27_abix_UNS,179503,79,18,0,79,15.47,698.04,713.51,UNSAT,TRUE
mp1-tri_ali_s11_c35_abix_UNS,763704,48,25,0,48,84.69,95.72,180.41,UNSAT,TRUE
mp1-tri_ali_s11_c35_bail_UNS,520994,1999,14,0,1999,23.65,105.64,129.29,UNSAT,TRUE
php12e12,50123,792,0,0,792,2.69,5000,5000,UNKNOWN,Timeout
php14e14,90360,1274,0,0,1274,6.13,5000,5000,UNKNOWN,Timeout
randomG-B-Mix-n15-d05,141664,512,7,0,512,4.52,2.9,7.42,UNSAT,TRUE
randomG-B-Mix-n16-d05,188448,458,2,0,458,6.25,36.82,43.07,UNSAT,TRUE
randomG-B-Mix-n18-d05,308849,790,5,0,790,12.76,3008.15,3020.91,UNSAT,TRUE
randomG-B-Mix-n19-d05,311996,797,1,0,797,14.68,5000,5000,UNKNOWN,Timeout
randomG-Mix-n17-d05,219563,1254,1,1,1253,7.81,564.15,571.96,UNSAT,TRUE
randomG-Mix-n18-d05,177517,1520,1,0,1520,6.67,3524.66,3531.33,UNSAT,TRUE
randomG-n16-d05,134599,1083,3,1,1082,4.25,34.04,38.29,UNSAT,TRUE
randomG-n17-d05,115769,1329,2,2,1327,3.92,156.11,160.03,UNSAT,TRUE
randomG-n18-d05,164525,1446,3,1,1445,5.86,4860.97,4866.83,UNSAT,TRUE
randomG-n19-d05,140139,1606,0,0,1606,6.4,5000,5000,UNKNOWN,Timeout
randomG-n20-d05,202257,1863,1,1,1862,8.69,5000,5000,UNKNOWN,Timeout
sp4-33-bin-nons-flat-noid,763120,9937,26,2,9935,99.88,60.63,160.51,UNSAT,TRUE
sp4-33-one-stri-tree-noid,464542,8644,0,0,8644,99.98,96.56,196.54,UNSAT,TRUE
sp4-33-una-stri-flat-noid,785082,9771,23,0,9771,99.74,85.11,184.85,UNSAT,TRUE
WS_300_24_90_10.apx_0,630154,0,0,0,0,24.3,44.7,69,UNSAT,TRUE
WS_400_16_90_70.apx_0,975994,0,0,0,0,35.98,105.29,141.27,UNSAT,TRUE